sundanese,politeness
abus,casual
lebet,polite
acan,casual
teu acan,polite
adi,casual
pun adi,polite
tuang rai,formal
tuang rayi,formal
adi beuteung,casual
pun adi,polite
adi beuteung,polite
tuang rai,formal
tuang rayi,formal
adu,casual
aben,polite
ais,casual
ais,polite
emban,formal
ajang,casual
kanggo,polite
haturan,formal
kanggo,formal
ajar,casual
ajar,polite
wulang,formal
wuruk,formal
aji,casual
aji,polite
aos,formal
aju,casual
ajeng,polite
akang,casual
akang,polite
engkang,formal
aki,casual
pun aki,polite
tuang éyang,formal
aku,casual
angken,polite
ali,casual
ali,polite
cingcing,polite
lélépén,formal
alo,casual
pun alo,polite
kapiputra,formal
alus,casual
saé,polite
ambéh,casual
supados,polite
ambek,casual
ambek,polite
bendu,formal
wera,formal
ambeu,casual
ambeu,polite
ambung,formal
amit,casual
permios,polite
amitan,casual
permios,polite
amprok,casual
tepang,polite
anak,casual
pun anak,polite
tuang putra,formal
anco,casual
cawis,polite
anggang,casual
tebih,polite
anggel,casual
bantal,polite
bantal,formal
kajang mastaka,formal
anggeus,casual
atos,polite
parantos,polite
réngsé,polite
atos,formal
parantos,formal
angir,casual
kuramas,polite
kujamas,formal
angkir,casual
ulem,polite
haturanan calik,polite
anjang,casual
deuheus,polite
tatamu,formal
antara,casual
antawis,polite
anteur,casual
jajap,polite
sarengan,formal
anti,casual
antos,polite
anyar,casual
anyar,polite
anyaran,casual
nembéan,polite
arang,casual
awis,polite
awis awis,polite
arék,casual
badé,polite
seja,polite
arep,casual
ajeng,polite
ari,casual
dupi,polite
upami,polite
asa,casual
raos,polite
asal,casual
kawit,polite
awit,formal
kawit,formal
aso,casual
aso,polite
leleson,formal
astana,casual
makam,polite
pajaratan,polite
pasaréan,polite
asup,casual
lebet,polite
atawa,casual
atanapi,polite
ati ati,casual
ati ati,polite
atos atos,formal
atoh,casual
bingah,polite
awak,casual
awak,polite
salira,formal
awéwé,casual
awéwé,polite
istri,formal
aya,casual
aya,polite
babantu,casual
babantu,polite
babantos,formal
babari,casual
gampil,polite
babatang,casual
mayit,polite
layon,formal
babaturan,casual
réréncangan,polite
baca,casual
aos,polite
badag,casual
ageung,polite
badami,casual
badanten,polite
badan,casual
badan,polite
salira,formal
badarat,casual
badarat,polite
nyacat,formal
badéga,casual
réncang,polite
baé,casual
sawios,polite
teu sawios,polite
wios,polite
baganti,casual
bagentos,polite
bagéa,casual
haturan,polite
bagéan,casual
bagéan,polite
hancengan,formal
bageur,casual
bageur,polite
saé manah,formal
bagilir,casual
bagentos,polite
baheula,casual
kapungkur,polite
baju,casual
baju,polite
anggéan,formal
anggoan,formal
raksukan,formal
bakal,casual
badé,polite
seja,polite
bakti,casual
baktos,polite
balik,casual
wangsul,polite
mulih,formal
balur,casual
balur,polite
lulur,formal
pupur,formal
bangga,casual
abot,polite
sesah,polite
bangun,casual
bangun,polite
sapertos,formal
bantu,casual
bantu,polite
bantos,formal
bapa,casual
pun bapa,polite
tuang rama,formal
baraya,casual
réréhan,polite
sadérék,polite
wargi,formal
barempug,casual
barempug,polite
barempag,formal
bareng,casual
sareng,polite
baréto,casual
kapungkur,polite
basa,casual
nalika,polite
waktos,polite
batuk,casual
batuk,polite
gohgoy,formal
batur,casual
réncang,polite
bawa,casual
bantun,polite
candak,formal
bawirasa,casual
bawiraos,polite
ku émutan,polite
béak,casual
séép,polite
bébéja,casual
nyanggem,polite
popoyan,polite
unjukan,polite
wawartos,polite
nyarios,formal
pupulih,formal
unjukan,formal
wawartos,formal
béda,casual
bénten,polite
begang,casual
begang,polite
langsip,formal
langsit,formal
begéng,casual
begang,polite
langsip,formal
langsit,formal
béja,casual
wartos,polite
belah,casual
palih,polite
bendo,casual
bendo,polite
udeng,formal
bener,casual
leres,polite
bengék,casual
asma,polite
ampeg,formal
béré,casual
pasihan,polite
haturanan,formal
lélér,formal
paparin,formal
berekah,casual
aya hibar,polite
pangésto,polite
pangéstu,polite
damang,formal
wilujeng,formal
bésan,casual
bésan,polite
warang,formal
beubeur,casual
beubeur,polite
sabuk,polite
beulitan,formal
beuheung,casual
beuheung,polite
tenggek,formal
beuki,casual
seneng,polite
sedep,formal
beulah,casual
palih,polite
beulah Jadi 2,casual
beulah,polite
beuli,casual
pésér,polite
galeuh,formal
beunang,casual
kénging,polite
beungeut,casual
beungeut,polite
pameunteu,formal
raray,formal
beurang,casual
siang,polite
beurat,casual
abot,polite
beuteung,casual
beuteung,polite
padaharan,polite
lambut,formal
patuangan,formal
bibi,casual
pun bibi,polite
tuang ibu,formal
bijil,casual
medal,polite
bikeun,casual
paparinkeun,polite
pasihkeun,polite
haturkeun,formal
lélérkeun,formal
sanggakeun,formal
bilang,casual
étang,polite
bingung,casual
éwed,polite
bireungeuh,casual
bireungeuh,polite
tingal,polite
tingali,formal
birit,casual
birit,polite
bujur,polite
imbit,formal
bisa,casual
tiasa,polite
iasa,formal
bisa jadi,casual
tiasa janten,polite
bisi,casual
bilih,polite
bisul,casual
bisul,polite
gambuh,formal
bitis,casual
bitis,polite
wentis,formal
biwir,casual
biwir,polite
lambé,formal
lambey,formal
boa,casual
tiasa janten,polite
boga,casual
gaduh,polite
kagungan,formal
bolonan,casual
kareseban,polite
udur sasih,polite
kareseban,formal
boro,casual
bujeng,polite
boro boro,casual
bujeng bujeng,polite
buang,casual
piceun,polite
beuratan,formal
bubuang,casual
miceun,polite
kabeuratan,formal
budak,casual
budak,polite
murangkalih,formal
bujal,casual
bujal,polite
udel,formal
puser,formal
bujur,casual
birit,polite
bujur,polite
imbit,formal
buka puasa,casual
buka,polite
bobor,formal
bukti,casual
buktos,polite
bulan,casual
sasih,polite
bulan puasa,casual
sasih siam,polite
bungah,casual
bingah,polite
bungsu,casual
bungsu,polite
putra pangalitna,formal
burit,casual
sonten,polite
buru,casual
buru,polite
énggal,polite
butuh,casual
peryogi,polite
buuk,casual
buuk,polite
rambut,formal
cabak,casual
cabak,polite
cepeng,formal
cacangkir,casual
cacangkir,polite
tangkepan,formal
cageur,casual
pangésto,polite
pangéstu,polite
damang,formal
calana,casual
calana,polite
lancingan,formal
can,casual
teu acan,polite
candung,casual
wayuh,polite
caneut,casual
caneut,polite
leueut,formal
cangkéng,casual
cangkéng,polite
angkéng,formal
cangkeul,casual
cangkeul,polite
pegel,formal
cangkir,casual
cangkir,polite
tangkep,formal
capé,casual
capé,polite
palay,formal
cara,casual
sapertos,polite
caram,casual
carék,polite
caram,polite
wagel,formal
carang,casual
awis,polite
awis awis,polite
carécét,casual
saputangan,polite
salempay,formal
carék,casual
carék,polite
caram,polite
wagel,formal
carékan,casual
carékan,polite
seuseulan,formal
carita,casual
sanggem,polite
carios,formal
caritaan,casual
sanggeman,polite
cariosan,formal
cécéwok,casual
obéh,polite
ombéh,polite
cekel,casual
cekel,polite
cepeng,formal
celuk,casual
saur,polite
gentra,formal
cenah,casual
cenah,polite
saurna,formal
ceuk,casual
sanggem,polite
saur,formal
ceuli,casual
ceuli,polite
cepil,formal
ceurik,casual
ceurik,polite
nangis,formal
tangis,formal
cici,casual
cici,polite
pair,formal
cicing,casual
calik,polite
matuh,polite
calik,formal
linggih,formal
ciduh,casual
ciduh,polite
ludah,formal
cik,casual
cobi,polite
cikal,casual
cikal,polite
putra pangageungna,formal
cikiih,casual
cikahampangan,polite
ciling,casual
jamban,polite
cing,casual
cobi,polite
cipanon,casual
cipanon,polite
cisoca,formal
ciri,casual
tawis,polite
cium,casual
cium,polite
ambung,formal
coba,casual
cobi,polite
cocoba,casual
cocobi,polite
cokot,casual
bantun,polite
candak,formal
cukup,casual
cekap,polite
cukur,casual
cukur,polite
paras,formal
cumpon,casual
caos,polite
cumpon,polite
caos,formal
cunduk,casual
dongkap,polite
rawuh,formal
sumping,formal
daék,casual
purun,polite
kersa,formal
dagang,casual
dagang,polite
icalan,formal
dago,casual
antos,polite
dahar,casual
neda,polite
teda,polite
tuang,formal
dangdan,casual
dangdan,polite
dangdos,formal
dapur,casual
dapur,polite
pawon,formal
datang,casual
dongkap,polite
rawuh,formal
sumping,formal
déngé,casual
kuping,polite
dangu,formal
deukeut,casual
caket,polite
deungen,casual
réncang,polite
deungeun deungeun,casual
nu sanés,polite
déwék,casual
abdi,polite
sim kuring,polite
diangir,casual
dikuramas,polite
dikujamas,formal
diangkir,casual
diondang,polite
disaur,polite
disaur,formal
diulem,formal
dicukur,casual
dicukur,polite
diparas,formal
didik,casual
atik,polite
tutur,formal
wejang,formal
wuruk,formal
didikan,casual
atikan,polite
pitutur,formal
piwejang,formal
piwuruk,formal
digusar,casual
digusar,polite
dipeper,formal
dikubur,casual
dikaluat,polite
dikurebkeun,formal
dilétak,casual
dilétak,polite
diilat,formal
dipalar,casual
dipalar,polite
dipambrih,formal
dipamrih,formal
dipaparah,casual
dikinten kinten,polite
diri,casual
diri,polite
salira,formal
disalin,casual
disalin,polite
digentos,formal
ditaranjang,casual
ditaranjang,polite
diwuwuda,formal
diuk,casual
diuk,polite
calik,formal
linggih,formal
dosa,casual
kalelepatan,polite
dubur,casual
dubur,polite
palawangan,formal
dudukuy,casual
dudukuy,polite
topi,polite
langgukan,formal
tudung,formal
duga,casual
kinten,polite
duit,casual
artos,polite
dulur,casual
réréhan,polite
sadérék,polite
wargi,formal
duméh,casual
jalaran,polite
ku margi,polite
ku margi,formal
réhing,formal
éléh,casual
éleh,polite
kawon,formal
éling,casual
émut,polite
emang,casual
pun paman,polite
tuang rama,formal
émboh,casual
tambih,polite
embung,casual
alim,polite
narah awéwé,polite
alim,formal
teu kersa,formal
emét,casual
kedik,polite
encan,casual
teu acan,polite
endeng,casual
lami,polite
paos,formal
éndong,casual
éndong,polite
kulem,formal
enggeus,casual
atos,polite
parantos,polite
réngsé,polite
atos,formal
parantos,formal
enggon,casual
pamondokan,polite
pajuaran,formal
pangkuleman,formal
entong,casual
teu kénging,polite
enya,casual
leres,polite
muhun,polite
sumuhun,polite
yaktos,polite
enya enya,casual
leres leres,polite
éra,casual
isin,polite
lingsem,formal
éstu,casual
ésto,polite
eukeur,casual
nuju,polite
eungap,casual
sesek,polite
ampeg,formal
eusi,casual
lebetan,polite
eusian,casual
lebetan,polite
euweuh,casual
teu aya,polite
gado,casual
gado,polite
angkeut,formal
gagancangan,casual
énggal énggalan,polite
gampang,casual
gampil,polite
gancang,casual
énggal,polite
gancangan,casual
énggalan,polite
gandék,casual
réncang,polite
gandéng,casual
baribin,polite
ganti,casual
gentos,polite
gardéng,casual
gardéng,polite
lalangsé,formal
gawé,casual
damel,polite
gedé,casual
ageung,polite
gégél,casual
gégél,polite
landep,formal
gelung,casual
gelung,polite
sanggul,formal
genah,casual
raos,polite
gering,casual
udur,polite
teu damang,formal
gering parna,casual
udur répot,polite
teu damang wales,formal
gero,casual
saur,polite
gentra,formal
getol,casual
kersaan,polite
geuing,casual
émutan,polite
geulang,casual
geulang,polite
pinggel,formal
geura,casual
geura,polite
mangga,polite
mangga,formal
geus,casual
atos,polite
parantos,polite
réngsé,polite
atos,formal
parantos,formal
geuwat,casual
énggal,polite
énggal énggal,polite
gigir,casual
gigir,polite
gédéng,formal
gigireun,casual
gigireun,polite
gédéngeun,formal
gilir,casual
gilir,polite
gentos,formal
gimir,casual
gimir,polite
rentag manah,formal
goda,casual
cobi,polite
gogoda,casual
cocobi,polite
goréng,casual
awon,polite
teu saé,polite
gugu,casual
tumut,polite
guguling,casual
guguling,polite
pepedek,formal
gumbira,casual
bingah,polite
gura giru,casual
gura giru,polite
énggal énggalan,formal
gusar,casual
gusar,polite
peper,formal
haben,casual
haben,polite
teras terasan,formal
hadé,casual
saé,polite
hadir,casual
tungkulan,polite
nungkulan,polite
ngaluuhan,formal
hal,casual
perkawis,polite
halangan,casual
pambengan,polite
halis,casual
halis,polite
kening,formal
hampura,casual
hapunten,polite
haksama,formal
haksami,formal
hapunten,formal
handeueul,casual
gegetun,polite
hanjakal,casual
gegetun,polite
harega,casual
pangaos,polite
hareup,casual
payun,polite
harga,casual
pangaos,polite
harita,casual
waktos éta,polite
hariwang,casual
salempang,polite
rejag manah,formal
salempang,formal
harti,casual
hartos,polite
haté,casual
haté,polite
manah,formal
galih,formal
hawatir,casual
hawatos,polite
hayang,casual
hoyong,polite
palay,formal
hayu,casual
mangga,polite
héd,casual
kareseban,polite
udur sasih,polite
kareseban,formal
hég,casual
geura,polite
mangga,polite
mangga,formal
hélok,casual
hémeng,polite
héran,casual
hémeng,polite
hésé,casual
sesah,polite
heuay,casual
heuay,polite
angob,formal
heubeul,casual
lami,polite
heug,casual
mangga,polite
hili,casual
liron,polite
gentos,formal
hina,casual
laip,polite
hirup,casual
hirup,polite
jumeneng,formal
hitut,casual
bobos,polite
kabobosan,polite
hudang,casual
hudang,polite
gugah,formal
huntu,casual
huntu,polite
waos,formal
hutang,casual
piétangan,polite
sambetan,polite
iber,casual
wartos,polite
idin,casual
widi,polite
igel,casual
ibing,polite
iket,casual
iket,polite
totopong,polite
totopong,formal
udeng,formal
ilik,casual
tingal,polite
tingali,formal
ilikan,casual
tingalan,polite
tingalian,formal
ilu,casual
iring,polite
imah,casual
rorompok,polite
bumi,formal
impi,casual
impén,polite
imut,casual
imut,polite
mésem,formal
incu,casual
pun incu,polite
tuang putu,formal
indit,casual
mios,polite
angkat,formal
jengkar,formal
indung,casual
pun biang,polite
tuang ibu,formal
inget,casual
émut,polite
inggis,casual
rémpan,polite
injeum,casual
tambut,polite
inum,casual
leueut,polite
irung,casual
irung,polite
pangambung,formal
isuk,casual
énjing,polite
énjing énjing,polite
isukan,casual
énjing,polite
isuk isuk,casual
énjing,polite
énjing énjing,polite
iteuk,casual
iteuk,polite
teteken,formal
itung,casual
itung,polite
étang,formal
iwal,casual
anging,polite
kajabi,polite
jaba,casual
anging,polite
kajabi,polite
jadi,casual
janten,polite
jaga,casual
jagi,polite
jajaka,casual
nonoman,polite
jalma,casual
jalmi,polite
jang,casual
kanggo,polite
haturan,formal
kanggo,formal
jauh,casual
tebih,polite
jawab,casual
walon,polite
waler,formal
jelema,casual
jalmi,polite
jero,casual
lebet,polite
jeung,casual
miwah,polite
sareng,polite
jeungna deui,casual
sareng deui,polite
jieun,casual
damel,polite
jiga,casual
sapertos,polite
sakarupi,formal
sapertos,formal
sarupi,formal
jima,casual
sapatemon,polite
sapatemon,formal
saresmi,formal
jinah,casual
jinah,polite
ngalambang sari,formal
joré,casual
goréng,polite
awon,formal
jual,casual
ical,polite
jugjug,casual
bujeng,polite
juru,casual
lahir,polite
babar,formal
jurung,casual
jurung,polite
piwarang,formal
kabar,casual
wartos,polite
kabéh,casual
sadaya,polite
kabéhanana,casual
sadayana,polite
kabur,casual
minggat,polite
ngalolos,formal
kaburu,casual
kabujeng,polite
kacamata,casual
kacasoca,polite
kacaritakeun,casual
kacaritakeun,polite
kacida,casual
kalintang,polite
kalintang,formal
teu kinten,formal
kaciri,casual
katawis,polite
kadang,casual
wargi,polite
kadang warga,casual
kadang wargi,polite
wargi wargi sadayana,formal
kadé,casual
ati ati,polite
atos atos,formal
kadudukan,casual
kadudukan,polite
kalungguhan,formal
kagegeringan,casual
kaleleban,polite
kagok,casual
kapambeng,polite
kajaba,casual
kajabi,polite
kajeun,casual
sawios,polite
teu sawios,polite
wios,polite
kakara,casual
nembé,polite
kakus,casual
jamban,polite
kalan kalan,casual
sawaktos waktos,polite
kalarung,casual
kalangkung,polite
kalenger,casual
kapiuhan,polite
kapidara,formal
kamar,casual
pamondokan,polite
pajuaran,formal
pangkuleman,formal
kamar mandi,casual
jamban,polite
kanyeri,casual
kanyeri,polite
kasawat,formal
kapaéhan,casual
kapiuhan,polite
kapidara,formal
kapalang,casual
kapambeng,polite
kapegat,casual
kapegat,polite
kaandeg,formal
kapilih,casual
kapeto,polite
kaselir,formal
karasa,casual
karaos,polite
karék,casual
nembé,polite
karémbong,casual
karémbong,polite
kekemben,formal
karesep,casual
karesep,polite
kalangen,formal
kaseneng,formal
kasedep,formal
kari,casual
kantun,polite
karunya,casual
hawatos,polite
kasakit,casual
kasakit,polite
kasawat,formal
kasanding,casual
kasanding,polite
kasumpingan,formal
kasurupan,casual
kasarumahan,polite
kacalikan,formal
katangén,casual
katangén,polite
kauninga,formal
katara,casual
katawis,polite
katuhu,casual
katuhu,polite
tengen,formal
kawantu,casual
kawantos,polite
kawas,casual
sapertos,polite
sakarupi,formal
sapertos,formal
sarupi,formal
kawilang,casual
kaétang,polite
kawin,casual
jatukrami,polite
ngadahup,polite
nikah,polite
réndéngan,polite
kédé,casual
kénca,polite
kiwa,formal
kedeng,casual
kedeng,polite
ébog,formal
kéjo,casual
sangu,polite
kélék,casual
kélék,polite
déhé,formal
ingkab,formal
kénca,casual
kénca,polite
kiwa,formal
keris,casual
duhung,polite
késang,casual
késang,polite
karinget,formal
keun baé,casual
sawios,polite
teu sawios,polite
wios,polite
keur,casual
nuju,polite
keur pikeun,casual
kanggo,polite
haturan,formal
kanggo,formal
kiih,casual
kahampangan,polite
kira,casual
kinten,polite
kira kira,casual
kinten kinten,polite
kirim,casual
kintun,polite
kocap,casual
kacaritakeun,polite
kocapkeun,casual
kacaritakeun,polite
kolot,casual
kolot,polite
sepuh,formal
komo,casual
sumawonten,polite
kongkorong,casual
kongkorong,polite
kangkalung,formal
kop,casual
mangga,polite
kotoran,casual
kareseban,polite
udur sasih,polite
kareseban,formal
kuat,casual
kiat,polite
kubur,casual
kaluat,polite
kureb,formal
kudu,casual
kedah,polite
kuku,casual
kuku,polite
tanggay,formal
kukumbah,casual
wawasuh,polite
kulawarga,casual
kulawargi,polite
kuluwut,casual
nguluwut,polite
nguyung,polite
ngangluh,formal
kumbah,casual
kumbah,polite
wasuh,formal
kumis,casual
kumis,polite
rumbah,formal
kumpul,casual
kempel,polite
kungsi,casual
kantos,polite
kurang,casual
kirang,polite
kuren,casual
rimbit,polite
kurenan,casual
rimbitan,polite
kuring,casual
abdi,polite
sim kuring,polite
kuring saréréa,casual
abdi sadayana,polite
kuru,casual
begang,polite
langsip,formal
langsit,formal
kutu,casual
kutu,polite
puntang,formal
labuh,casual
labuh,polite
geubis,formal
lahun,casual
pangkon,polite
lain,casual
sanés,polite
laju,casual
lajeng,polite
teras,polite
laki,casual
lalaki,polite
pameget,formal
laku,casual
pajeng,polite
lalajo,casual
nongton,polite
lalaki,casual
lalaki,polite
pameget,formal
lamun,casual
upami,polite
lanceuk,casual
pun lanceuk,polite
tuang raka,formal
langka,casual
awis,polite
awis awis,polite
lantaran,casual
jalaran,polite
ku margi,polite
ku margi,formal
réhing,formal
lapar,casual
hoyong neda,polite
lapar,polite
palay tuang,formal
laris,casual
pajeng,polite
larung,casual
langkung,polite
laun,casual
lami,polite
laun laun,casual
lami lami,polite
lawas,casual
lami,polite
lebah,casual
leresan,polite
lebaran,casual
boboran siam,polite
lého,casual
umbel,polite
léngoh,casual
léngoh,polite
teu ngabantun nanaon,polite
teu nyandak nanaon,formal
létah,casual
létah,polite
ilat,formal
létak,casual
létak,polite
ilat,formal
leumpang,casual
leumpang,polite
angkat,formal
leungeun,casual
leungeun,polite
panangan,formal
leungit,casual
leungi,polite
ical,formal
leutik,casual
alit,polite
leuwih,casual
langkung,polite
leuwih hadé,casual
langkung saé,polite
lila,casual
lami,polite
liwat,casual
langkung,polite
loba,casual
seueur,polite
luput,casual
lepat,polite
maap,casual
hapunten,polite
haksama,formal
haksami,formal
hapunten,formal
maca,casual
maca,polite
maos,formal
magahan,casual
mapagahan,polite
miwejang,formal
ngawurukan,formal
mahal,casual
awis,polite
mahi,casual
cekap,polite
maju,casual
majeng,polite
maké,casual
nganggo,polite
maksud,casual
maksad,polite
malah,casual
malih,polite
malahmandar,casual
mamanawian,polite
malarat,casual
jalmi teu gaduh,polite
teu kagungan nanaon,formal
malem,casual
wengi,polite
malik,casual
malik,polite
mayun,formal
maliré,casual
maliré,polite
merhatoskeun,formal
mamayu,casual
mamayu,polite
mamajeng,formal
mandéan,casual
mandéan,polite
mapadani,formal
nyamian,formal
mandi,casual
mandi,polite
siram,formal
ngebak,formal
manéh,casual
anjeun,formal
salira,formal
manéhna,casual
anjeunna,formal
manggih,casual
mendak,polite
mangka,casual
mugi,polite
mugia,formal
mangku,casual
mangku,polite
mangkon,formal
mangkuk,casual
kantos,polite
maot,casual
nilar,polite
tilar dunya,polite
ngantunkeun,polite
pupus,formal
mapagahan,casual
mapagahan,polite
miwejang,formal
ngawurukan,formal
marak,casual
marak,polite
munday,formal
marga,casual
jalaran,polite
ku margi,polite
ku margi,formal
réhing,formal
marhum,casual
jenatna,polite
marhum,polite
marhum,formal
suargi,formal
suwargi,formal
mariksa,casual
mariksa,polite
marios,formal
marukanana,casual
pangintenna,polite
matuh,casual
matuh,polite
linggih,formal
mawa,casual
ngabantun,polite
nyandak,formal
mayit,casual
layon,polite
mecak,casual
nyobi,polite
megat,casual
megat,polite
ngandeg,formal
melang,casual
deudeupeun,polite
méméh,casual
sateuacan,polite
mencét,casual
meuseul,polite
mencétan,casual
meuseulan,polite
mending,casual
langkung saé,polite
menerkeun,casual
ngalereskeun,polite
mengi,casual
asma,polite
ampeg,formal
ménta,casual
neda,polite
nyuhunkeun,polite
mundut,formal
méré,casual
masihan,polite
maparin,formal
ngahaturanan,formal
ngalélér,formal
meujeuhna,casual
cekap,polite
meuli,casual
mésér,polite
ngagaleuh,formal
meunang,casual
kénging,polite
meureun,casual
panginten,polite
miang,casual
mios,polite
angkat,formal
jengkar,formal
mihapé,casual
ngawiat,polite
ngaweweratan,formal
mikeun,casual
maparinkeun,polite
masihkeun,polite
ngahaturkeun,formal
nyanggakeun,formal
milang,casual
ngétang,polite
milu,casual
ngiring,polite
mimiti,casual
kawit,polite
awit,formal
kawit,formal
mimitina,casual
kawitna,polite
awitna,formal
kawitna,formal
minangka,casual
étang étang,polite
minantu,casual
minantu,polite
mantu,formal
mindeng,casual
sering,polite
minggat,casual
minggat,polite
ngalolos,formal
minyak,casual
lisah,polite
mireungeuh,casual
mireungeuh,polite
ningal,polite
ningali,formal
miskin,casual
jalmi teu gaduh,polite
teu kagungan nanaon,formal
mitoha,casual
mitoha,polite
mertua,formal
montok,casual
montok,polite
ageung,formal
moro,casual
moro,polite
bubujeng,formal
muga,casual
mugi,polite
mugia,formal
muga muga,casual
mugi mugi,polite
mulang,casual
wangsul,polite
mulih,formal
mun,casual
upami,polite
mungguh,casual
menggah,polite
menggahing,formal
mupakat,casual
mupakat,polite
rempug,polite
rempag,formal
murah,casual
mirah,polite
muriang,casual
muriang,polite
nyenyepan,formal
muru,casual
ngabujeng,polite
najan,casual
sanaos,polite
naker,casual
kalintang,polite
kalintang,formal
teu kinten,formal
naksir,casual
nginten,polite
nandatangan,casual
nandatangan,polite
nawis,formal
nangtung,casual
nangtung,polite
ngadeg,formal
nanya,casual
naros,polite
naséhat,casual
naséhat,polite
papatah,polite
piwejang,formal
piwuruk,formal
nataku,casual
kalintang,polite
kalintang,formal
teu kinten,formal
nawar,casual
nawis,polite
mundut,formal
néang,casual
milari,polite
nedunan,casual
nyaosan,polite
nyumponan,polite
nyaosan,formal
nembang,casual
nembang,polite
mamaos,formal
nénjo,casual
ningal,polite
ningali,formal
nepi,casual
dugi,polite
ngadagoan,casual
ngantosan,polite
ngadéngé,casual
nguping,polite
ngadangu,formal
ngadidik,casual
ngatik,polite
mitutur,formal
miwejang,formal
miwuruk,formal
ngawurukan,formal
ngadu,casual
ngadu,polite
ngaben,formal
ngageroan,casual
nyauran,polite
ngagentraan,formal
ngageuing,casual
ngageuing,polite
ngémutan,formal
ngagugu,casual
nurut,polite
tumut,formal
ngahadéan ngalusan,casual
nyaéan,polite
ngahadéan ngoméan,casual
ngalereskeun,polite
ngahadiran,casual
nungkulan,polite
ngaluuhan,formal
ngahalang halang,casual
magak,polite
ngahilian,casual
ngalironan,polite
ngagentosan,formal
ngais,casual
ngais,polite
ngemban,formal
ngajar,casual
ngajar,polite
ngawulang,formal
ngajawab,casual
ngawalon,polite
ngawaler,formal
ngaji,casual
ngaji,polite
ngaos,formal
ngajual,casual
ngical,polite
ngajugjug,casual
ngabujeng,polite
ngajuru,casual
ngalahirkeun,polite
babar,formal
ngaku,casual
ngaku,polite
ngangken,formal
ngalahun,casual
mangkon,polite
ngalusan,casual
ngalereskeun,polite
ngambeu,casual
ngambeu,polite
ngambung,formal
ngan,casual
mung,polite
namung,polite
nganjang,casual
ngadeuheus,polite
natamu,formal
nganteur,casual
ngajajapkeun,polite
nyarengan,formal
nyarengkeun,formal
nganti,casual
ngantos,polite
ngaran,casual
nami,polite
wasta,polite
jenengan,formal
kakasih,formal
ngaranyéd,casual
ngaranyéd,polite
ngalambang sari,formal
ngarep ngarep,casual
ngajeng ngajeng,polite
ngaroko,casual
ngaroko,polite
udud,polite
ngalelet,formal
nyesep,formal
ngaso,casual
ngaso,polite
leleson,formal
ngawaro,casual
tumut,polite
ngedeng,casual
ngedeng,polite
ébog,formal
ngéndahkeun,casual
ngéstokeun,polite
nurut,polite
ngéstokeun,formal
ngéndong,casual
mondok,polite
ngéndong,polite
kulem,formal
ngawengi,formal
ngéstukeun,casual
ngéstokeun,polite
nurut,polite
ngéstokeun,formal
tumut,formal
ngeunah,casual
raos,polite
ngeusian,casual
ngalebetan,polite
ngéwa,casual
ceuceub,polite
ngigel,casual
ngigel,polite
ngibing,formal
ngilikan,casual
ningalan,polite
ningalian,formal
ngilu,casual
ngiring,polite
ngimpi,casual
ngimpén,polite
nginjeum,casual
nambut,polite
nginum,casual
ngaleueut,polite
ngira,casual
nginten,polite
ngising,casual
miceun,polite
kabeuratan,formal
ngitung,casual
ngitung,polite
ngétang,formal
ngogan,casual
ngondang,polite
ngulem,formal
ngoméan,casual
ngalereskeun,polite
ngomong,casual
nyanggem,polite
nyarios,formal
ngora,casual
anom,polite
ngubur,casual
ngaluat,polite
ngurebkeun,formal
nguluwut,casual
nguluwut,polite
nguyung,polite
ngangluh,formal
ngumbah,casual
ngumbah,polite
ngawasuh,formal
nguruskeun,casual
ngalereskeun,polite
nguyung,casual
nguluwut,polite
nguyung,polite
ngangluh,formal
nimu,casual
mendak,polite
nincak,casual
nincak,polite
ngadampal,formal
nini,casual
pun nini,polite
tuang éyang,formal
nitah,casual
ngajurungan,polite
miwarangan,formal
nohonan,casual
nyaosan,polite
nyumponan,polite
nyaosan,formal
nu matak,casual
nu mawi,polite
nungkulan,casual
nungkulan,polite
ngaluuhan,formal
nurut,casual
ngéstokeun,polite
nurut,polite
ngéstokeun,formal
tumut,formal
nutu,casual
nutu,polite
meuseul,formal
nyaba,casual
nyaba,polite
angkat angkatan,formal
nyabak,casual
nyabak,polite
nyepeng,formal
nyaho,casual
terang,polite
uninga,formal
nyampak,casual
nyampak,polite
kasondong,formal
nyondong,formal
nyana,casual
nginten,polite
nyaneut,casual
ngaleueut,polite
nyangka,casual
nginten,polite
nyaram,casual
nyaram,polite
nyarék,polite
ngawagel,formal
nyarék,casual
nyaram,polite
nyarék,polite
ngawagel,formal
nyarékan,casual
nyarékan,polite
nyeuseulan,formal
nyaring,casual
nyaring,polite
teu acan mondok,polite
teu acan kulem,formal
nyarita,casual
nyanggem,polite
nyarios,formal
nyekel,casual
nyekel,polite
nyepeng,formal
nyéléhkeun,casual
masrahkeun,polite
ngahaturkeun,formal
nyanggakeun,formal
nyéléwer,casual
midua haté,polite
midua manah,formal
nyeluk,casual
nyauran,polite
ngagentraan,formal
nyepah,casual
nyeupah,polite
ngalemar,formal
nyerahkeun,casual
mirak,polite
mirak,formal
ngésér,formal
nyeri,casual
nyeri,polite
kasawat,formal
nyeupah,casual
nyeupah,polite
ngalemar,formal
nyiar,casual
milari,polite
nyician,casual
nyician,polite
mairan,formal
nyium,casual
nyium,polite
ngambung,formal
nyoba,casual
nyobi,polite
nyokot,casual
ngabantun,polite
nyandak,formal
nyolowédor,casual
nyolowédor,polite
midua manah,formal
nyukuran,casual
nganuhunkeun,polite
nyumponan,casual
nyumponan,polite
nyaosan,formal
nyunatan,casual
ngaberesihan,polite
nyepitan,formal
obat,casual
obat,polite
ubar,polite
landong,formal
ogan,casual
ondang,polite
ulem,formal
oléh oléh,casual
kaémutan,polite
kagegelan,polite
omé,casual
leres,polite
omong,casual
sanggem,polite
carios,formal
lahir,formal
omongan,casual
sanggeman,polite
cariosan,formal
lahiran,formal
ondang,casual
ulem,polite
haturanan calik,polite
pacilingan,casual
jamban,polite
paéh,casual
nilar,polite
tilar dunya,polite
ngantunkeun,polite
pupus,formal
paham,casual
paham,polite
ngartos,polite
ngartos,formal
pahili,casual
paliron,polite
pagentos,formal
paju,casual
pajeng,polite
paké,casual
anggo,polite
palangan,casual
kareseban,polite
udur sasih,polite
kareseban,formal
palangsiang,casual
tiasa janten,polite
palar,casual
palar,polite
pambrih,formal
pamrih,formal
palebah,casual
leresan,polite
paliré,casual
paliré,polite
perhatoskeun,formal
pamajikan,casual
pun bojo,polite
tuang istri,formal
tuang rai/rayi,formal
geureuha,formal
paman,casual
pun paman,polite
tuang rama,formal
pancuran,casual
jamban,polite
pandé,casual
pandé,polite
padan,formal
sami,formal
pandé rupa,casual
rupi,polite
pandeuri,casual
pengker,polite
pang,casual
nu mawi,polite
pangaweruh,casual
kauninga,polite
panggih,casual
pendak,polite
tepang,polite
pangkat,casual
kadudukan,polite
kalungguhan,formal
pangku,casual
pangkon,polite
pangna,casual
nu mawi,polite
pangraksa,casual
pangraksa,polite
panangtayungan,formal
panitih,casual
panitih,polite
sanggétan,formal
sangkétan,formal
panon,casual
panon,polite
soca,formal
pantar,casual
pantar,polite
sayuswa,formal
pantég,casual
kalintang,polite
kalintang,formal
teu kinten,formal
papacangan,casual
tunangan,polite
paparah,casual
kinten kinten,polite
papatah,casual
naséhat,polite
papatah,polite
piwejang,formal
piwuruk,formal
parak,casual
parak,polite
punday,formal
parandéné,casual
sanaos,polite
paribasa,casual
paripaos,polite
pariksa,casual
pariksa,polite
parios,formal
parna,casual
répot,polite
wales,formal
paro,casual
palih,polite
parok,casual
sami,polite
pasti,casual
kantenan,polite
tangtos,polite
pati,casual
patos,polite
patuh,casual
patuh,polite
linggih,formal
payu,casual
pajeng,polite
payung,casual
payung,polite
pajeng,formal
pecak,casual
cobi,polite
pédah,casual
jalaran,polite
ku margi,polite
ku margi,formal
réhing,formal
pegat,casual
pegat,polite
andeg,formal
pék,casual
geura,polite
mangga,polite
mangga,formal
pelik,casual
sesah,polite
pencét,casual
peuseul,polite
pénta,casual
teda,polite
suhunkeun,polite
pundut,formal
penting,casual
peryogi,polite
pepegatan,casual
pipisahan,polite
percaya,casual
percanten,polite
perelu,casual
peryogi,polite
perkara,casual
perkawis,polite
perlu,casual
peryogi,polite
permata,casual
sosoca,polite
permisi,casual
permios,polite
peuting,casual
wengi,polite
pianakan,casual
pianakan,polite
wewetengan,formal
pias,casual
pucet,polite
pidato,casual
biantara,polite
pihapé,casual
wiat,polite
wewerat,formal
wiat,formal
pikeun,casual
kanggo,polite
haturan,formal
kanggo,formal
pikir,casual
pikir,polite
manah,formal
piligenti,casual
piligentos,polite
pilih,casual
peto,polite
selir,formal
pindah,casual
pindah,polite
ngalih,formal
pingping,casual
pingping,polite
paha,formal
pipi,casual
pipi,polite
damis,formal
pirang pirang,casual
pinten pinten,polite
pireungeuh,casual
pireungeuh,polite
tingal,polite
tingali,formal
pitulung,casual
pitulung,polite
pitandang,formal
poé,casual
dinten,polite
pohara,casual
kalintang,polite
kalintang,formal
teu kinten,formal
poho,casual
hilap,polite
lali,formal
popotongan,casual
patilasan,polite
potong,casual
tilas,polite
pribadi,casual
pribados,polite
ku anjeun,formal
prihatin,casual
prihatin,polite
prihatos,formal
puasa,casual
puasa,polite
saum,formal
puguh,casual
kantenan,polite
tangtos,polite
pukul,casual
tabuh,polite
pupulih,casual
nyanggem,polite
popoyan,polite
unjukan,polite
wawartos,polite
nyarios,formal
pupulih,formal
unjukan,formal
wawartos,formal
purun,casual
purun,polite
kersa,formal
raat,casual
lirén,polite
rajin,casual
kersaan,polite
raket,casual
caket,polite
raksa,casual
raksa,polite
tangtayungan,formal
ramo,casual
ramo,polite
réma,formal
rampés,casual
mangga,polite
ranyéd,casual
ranyéd,polite
lambang sari,formal
rarabi,casual
rarabi,polite
garwaan,formal
rarasaan,casual
raraosan,polite
rasa,casual
raos,polite
réa,casual
seueur,polite
récéh,casual
récéh,polite
artos alit,formal
rék,casual
badé,polite
seja,polite
remen,casual
sering,polite
rempug,casual
mupakat,polite
rempug,polite
rempag,formal
rérégan,casual
gardéng,polite
lalangsé,formal
resep,casual
resep,polite
langen,formal
seneng,formal
sedep,formal
reujeung,casual
sareng,polite
reuneuh,casual
kakandungan,polite
bobot,formal
ngandeg,formal
reureuh,casual
reureuh,polite
ngaso,formal
rieut,casual
rieut,polite
puyeng,formal
rikip,casual
rikip,polite
rencep,formal
ripuh,casual
répot,polite
ririkipan,casual
ririkipan,polite
rerencepan,formal
risi,casual
risi,polite
rémpan,formal
robah,casual
robih,polite
roko,casual
roko,polite
sesepeun,formal
rongkah,casual
ageung,polite
rua,casual
rupi,polite
rugi,casual
rugel,polite
rujuk,casual
rempug,polite
rempag,formal
rumasa,casual
rumaos,polite
rupa,casual
rupi,polite
rurusuhan,casual
énggal énggalan,polite
rusuh,casual
énggal énggalan,polite
saba,casual
saba,polite
angkat angkatan,formal
sabab,casual
jalaran,polite
ku margi,polite
ku margi,formal
réhing,formal
sabalikna,casual
sawalerna,polite
sawangsulna,polite
sabot,casual
waktos,polite
sabuk,casual
beubeur,polite
sabuk,polite
beulitan,formal
sadia,casual
sayagi,polite
sayogi,polite
sadu,casual
tamada,polite
tamada,formal
tomada,formal
saemét,casual
sakedik,polite
saendeng endeng,casual
salamina,polite
sapaosna,formal
sapapaosna,formal
saeutik,casual
sakedik,polite
sagala,casual
sagala,polite
saniskanten,formal
sakapeung,casual
sawaktos waktos,polite
sakeudeung,casual
sakedap,polite
sakit,casual
sakit,polite
kasawat,formal
sakuduna,casual
sakedahna,polite
sakur,casual
sadaya,polite
sugri,polite
salah,casual
lepat,polite
salah saurang,casual
salahsawios,polite
salaki,casual
pun lanceuk,polite
salaki,polite
carogé,formal
tuang raka,formal
salamet,casual
salamet,polite
wilujeng,formal
salat,casual
netepan,polite
sambéang,polite
sambiang,polite
netepan,formal
salempang,casual
salempang,polite
rejag manah,formal
salempang,formal
salésma,casual
salésma,polite
pileg,formal
salin,casual
salin,polite
gentos,formal
samak,casual
amparan,polite
samarukna,casual
pangintenna,polite
saméméh,casual
sateuacan,polite
sampak,casual
sampak,polite
sondong,formal
samping,casual
sinjang,polite
sanajan,casual
sanaos,polite
sanding,casual
sanding,polite
sumpingan,formal
sanggeus,casual
saparantos,polite
sanggup,casual
sanggem,polite
kersa,formal
sangka,casual
kinten,polite
sangkan,casual
supados,polite
sangu,casual
sangu,polite
saniskara,casual
saniskanten,polite
sapantar,casual
sapantar,polite
sayuswa,formal
saparo,casual
sapalih,polite
sapédah,casual
ku margi,polite
jalaran,polite
réhing,formal
saperti,casual
sapertos,polite
sakarupi,formal
sapertos,formal
sarupi,formal
saputangan,casual
saputangan,polite
salempay,formal
saré,casual
mondok,polite
kulem,formal
saréréa,casual
sadayana,polite
sarta,casual
sareng,polite
sarua,casual
sami,polite
sarupi,polite
sasadu,casual
tamada,polite
tamada,formal
tomada,formal
sasarap,casual
neda énjing énjing,polite
sasarap,polite
tuang énjing énjing,formal
sawadina,casual
sakedahna,polite
sawah,casual
sérang,polite
sawaréh,casual
sapalih,polite
sawatara,casual
sawatawis,polite
sayaga,casual
sayagi,polite
sebut,casual
sebat,polite
sedih,casual
sedih,polite
sedih,formal
sungkawa,formal
séjén,casual
sanés,polite
séléh,casual
pasrah,polite
hatur,formal
sangga,formal
séléwér,casual
pidua haté,polite
pidua manah,formal
sémah,casual
tatamu,polite
semet,casual
dugi ka,polite
wangkid,polite
senang,casual
senang,polite
raos mahan,formal
serah,casual
késér,polite
pirak,polite
serahkeun,casual
késér,polite
pirak,polite
sérédan,casual
rorodan,polite
seret,casual
wangkid,polite
sésa,casual
kantun,polite
seubeuh,casual
wareg,polite
sesek,formal
seug,casual
mangga,polite
seupah,casual
lemar,polite
seuri,casual
seuri,polite
gumujeng,formal
kahaturan,formal
siar,casual
pilari,polite
sibanyo,casual
sibanyo,polite
tamas,formal
wawasuh,formal
sim kuring,casual
sim abdi,polite
simbut,casual
simbut,polite
kampuh,formal
simpang,casual
sindang,polite
sing,casual
mugi,polite
mugia,formal
sirah,casual
sirah,polite
mastaka,formal
siram,casual
sébor,polite
sirit,casual
larangan,polite
rarangan,polite
sisig,casual
sisig,polite
susur,formal
sisir,casual
pamérés,polite
soara,casual
sora,polite
soanten,formal
solat,casual
netepan,polite
sambéang,polite
sambiang,polite
netepan,formal
sono,casual
sono,polite
honeng,formal
oneng,formal
sora,casual
soanten,polite
sorangan,casual
sorangan,polite
nyalira,formal
soré,casual
sonten,polite
sugan,casual
manawi,polite
suku,casual
suku,polite
sampéan,formal
sukur,casual
nuhun,polite
sumawon,casual
sumawonten,polite
sumawona,casual
sumawonten,polite
sunat,casual
beresihan,polite
sepitan,formal
sungut,casual
cangkem,polite
baham,formal
supaya,casual
supados,polite
surat,casual
serat,polite
serat,formal
tétésan,formal
surup,casual
sarumah,polite
calik,formal
susah,casual
sesah,polite
susu,casual
pinareup,polite
suweng,casual
kurabu,polite
suweng,polite
giwang,formal
sumber,formal
suwung,casual
seweng,polite
suwung,polite
tabéat,casual
adat,polite
panganggo,formal
tacan,casual
teu acan,polite
tadina,casual
awitna,polite
kawitna,polite
tai,casual
kokotor,polite
taksir,casual
kinten,polite
taktak,casual
taktak,polite
taraju,formal
talatah,casual
wiat saur,polite
tambah,casual
tambih,polite
tambih,formal
wuwuh,formal
tampa,casual
tampi,polite
tampolong,casual
tampolong,polite
tempat ludah,polite
pangludahan,formal
tanaga,casual
tanagi,polite
tanda,casual
tawis,polite
tandatangan,casual
tandatangan,polite
tawis,formal
tangén,casual
nyaho,polite
uninga,formal
tangga,casual
tanggi,polite
tanggal,casual
kaping,polite
tanggung,casual
tanggel,polite
tanggung jawab,casual
tanggel waler,polite
tangtu,casual
kantenan,polite
tangtos,polite
tangtung,casual
tangtung,polite
adeg,formal
tanwandé,casual
tangtos,polite
tanya,casual
taros,polite
parios,formal
taros,formal
tapi,casual
nanging,polite
tarang,casual
tarang,polite
taar,formal
taranjang,casual
taranjang,polite
wuwuda,formal
tarima,casual
tampi,polite
tasma,casual
kacasoca,polite
tatangga,casual
tatanggi,polite
taun,casual
warsih,polite
tawar,casual
tawis,polite
pundut,formal
tayoh,casual
rupi,polite
tayohna,casual
rupina,polite
téang,casual
pilari,polite
tedun,casual
caos,polite
teleg,casual
teleg,polite
teureuy,polite
telen,formal
tembang,casual
tembang,polite
mamaos,formal
tempo,casual
tingal,polite
tingali,formal
témpo,casual
sarantos,polite
ténjo,casual
tingal,polite
tingali,formal
tepi,casual
dugi,polite
tepung,casual
tepang,polite
téré,casual
téré,polite
kawalon,formal
téréh,casual
énggal,polite
terus,casual
lajeng,polite
teras,polite
téték,casual
wincik,polite
teu lumrah,casual
yaktos,polite
teu mangkuk,casual
teu kantos,polite
teu parok,casual
teu sami,polite
teu pati,casual
teu patos,polite
teundeun,casual
simpen,polite
teureuy,casual
teleg,polite
teureuy,polite
telen,formal
ti heula,casual
ti payun,polite
timu,casual
pendak,polite
tincak,casual
dampal,polite
tinggal,casual
kantun,polite
titah,casual
jurung,polite
piwarang,formal
toa,casual
pun ua,polite
tuang rama,formal
tonggong,casual
tonggong,polite
pungkur,formal
topi,casual
dudukuy,polite
topi,polite
langgukan,formal
tudung,formal
torék,casual
teu nguping,polite
teu ngadangu,formal
tukang,casual
pengker,polite
pungkur,polite
tukeur,casual
liron,polite
gentos,formal
tulis,casual
serat,polite
tulisan,casual
seratan,polite
tulung,casual
tulung,polite
tandang,formal
tulus,casual
cios,polite
tuluy,casual
lajeng,polite
teras,polite
tumpak,casual
tumpak,polite
tunggang,formal
tunda,casual
simpen,polite
tunduh,casual
tunduh,polite
palay,formal
tunggu,casual
antos,polite
tungkulan,casual
tungkulan,polite
luuhan,formal
turun,casual
lungsur,polite
turut,casual
tumut,polite
tutu,casual
tutu,polite
peuseul,formal
tuur,casual
tuur,polite
deku,formal
teku,formal
ua,casual
pun ua,polite
tuang rama,formal
ubar,casual
obat,polite
ubar,polite
landong,formal
ucap,casual
ucap,polite
kedal,formal
lisan,formal
udud,casual
ngaroko,polite
roko,polite
udud,polite
ngalelet,formal
nyesep,formal
sesep,formal
ududeun,casual
rokoeun,polite
ududeun,polite
sesepeun,formal
udul,casual
kaluron,polite
ulah,casual
teu kénging,polite
ulin,casual
ulin,polite
ameng,formal
umur,casual
yuswa,polite
unina,casual
ungelna,polite
unggelna,polite
upama,casual
upami,polite
urang,casual
abdi,polite
sim kuring,polite
urus,casual
lereskeun,polite
urut,casual
tilas,polite
usep,casual
pancing,polite
utah,casual
utah,polite
luga,formal
utama,casual
utami,polite
waktu,casual
waktos,polite
wangkid,polite
waluya,casual
wilujeng,polite
wani,casual
wantun,polite
waras,casual
cageur,polite
damang,formal
waréh,casual
palih,polite
warga,casual
wargi,polite
warna,casual
rupi,polite
warta,casual
wartos,polite
waspada,casual
waspaos,polite
watara,casual
watawis,polite
watir,casual
hawatos,polite
wawuh,casual
kenal,polite
wanoh,polite
wedak,casual
pupur,polite
wedal,casual
wedal,polite
weton,formal
wilang,casual
étang,polite
wudu,casual
wudu,polite
wulu,polite
abdas,formal
wulu,casual
wudu,polite
wulu,polite
abdas,formal
yakti,casual
yaktos,polite
yén,casual
wiréh,polite
